column,clean_mean,real_mean,mean_pct_change,clean_std,real_std,std_pct_change,clean_q10,real_q10,clean_q50,real_q50,clean_q90,real_q90,ks_stat,ks_pvalue,wasserstein_distance
Clicks,549.77203,341.148325,-37.94731154293171,260.0190557809676,197.48326038650728,-24.050466303953755,189.0,108.0,550.0,313.0,910.0,611.0,0.35378,0.0,209.370585
ROI,5.002437850000001,5.245691948,4.862711047974329,1.7344883434709057,2.9753028150139893,71.53778093775335,2.59,1.97679,5.01,4.6941,7.4,9.24332,0.16436499999999998,0.0,0.8350885860000002
Acquisition_Cost,12504.39304,13404.549052599998,7.198718160253836,4337.6645449732605,5847.306247484599,34.80309938353347,6504.0,6451.768,12496.5,12661.055,18524.0,21293.148,0.13527999999999996,0.0,981.2510323000001
Conversion_Rate,0.08006965,0.084146921,5.092155392211647,0.040601648874731146,0.04744414362651708,16.85275091387836,0.02,0.0241,0.08,0.0802,0.14,0.1489,0.09835999999999989,0.0,0.005844352999999998
Impressions,5507.30152,5569.742835,1.1337914725250058,2596.8642862529987,3047.510179110584,17.353463376702667,1902.0,1811.0,5517.5,5233.0,9105.0,9753.100000000006,0.08789499999999995,0.0,377.57890500000013
Engagement_Score,5.49471,5.459005,-0.6498068141903776,2.8725812911937534,2.9116785192280408,1.3610486204218029,1.0,1.0,5.0,5.0,9.0,10.0,0.016740000000000005,9.004526882476388e-25,0.05554499999999993
Campaign_ID,100000.5,100000.5,0.0,57735.17125634945,57735.17125634945,0.0,20000.9,20000.9,100000.5,100000.5,180000.1,180000.1,0.0,1.0,0.0
Duration,37.503975,37.503975,0.0,16.746720170306702,16.746720170306702,0.0,15.0,15.0,30.0,30.0,60.0,60.0,0.0,1.0,0.0
