segment,metric,clean_n,real_n,clean_mean,real_mean,ks_stat,ks_pvalue,wasserstein_distance
YouTube,ROI,33392,33392,4.993754192620987,3.31672735984667,0.35954719693339715,0.0,1.749631067321514
Google Ads,ROI,33438,33438,5.003141336204319,6.237697972366767,0.25168969435971056,0.0,1.2854022429571148
Website,ROI,33360,33360,5.014166666666666,5.995636435851319,0.2266486810551559,0.0,1.0560779226618704
Email,ROI,33599,33599,4.996486502574482,5.842202473287896,0.20807166879966665,0.0,0.9345634721271465
Instagram,ROI,33392,33392,4.988705977479635,5.384989889793962,0.16842357450886447,0.0,0.7240365117393388
Facebook,ROI,32819,32819,5.018698619702002,4.682894359974404,0.13495231420823306,4.139899660910744e-261,0.8458960419269326
