metric,cleaned,realistic
roi_std,1.7344883434709057,2.9753028150139893
roi_mean,5.002437850000001,5.245691948
conversion_rate_std,0.040601648874731146,0.04744414362651708
acquisition_cost_std,4337.6645449732605,5847.306247484599
clicks_impressions_corr,3.3069013937419827e-05,-0.17773843369868142
